<platform xmlns="http://ns.adobe.com/air/extension/14.0">
	<copyright>cuoso 2014</copyright>
	<sdkVersion>5.0</sdkVersion>
	<linkerOptions>
		<!-- to use the Twitter framework -->
		<option>-ios_version_min 5.0</option>
		<option>-framework AdSupport</option>
		<option>-framework AudioToolbox</option>
		<option>-framework AVFoundation</option>
		<option>-framework CoreGraphics</option>
		<option>-framework EventKit</option>
		<option>-framework EventKitUI</option>
		<option>-framework MessageUI</option>
		<option>-framework StoreKit</option>
		<option>-framework SystemConfiguration</option>
		<option>-framework CoreTelephony</option>
		
		<!-- to link with the libiconv.dylib -->
		<!-- <option>-lGoogleAdMobAds</option> -->
	</linkerOptions>
</platform>