<?xml version="1.0" encoding ="utf-8"?>
<swc xmlns="http://www.adobe.com/flash/swccatalog/9">
  <versions>
    <swc version="1.2" />
    <flex version="4.13.0" build="20140701" minimumSupportedVersion="3.0.0" />
  </versions>
  <features>
    <feature-script-deps />
    <feature-files />
  </features>
  <libraries>
    <library path="library.swf">
      <script name="so/cuo/platform/admob/AdmobFunNames" mod="1397566912000" signatureChecksum="2492046261" >
        <def id="so.cuo.platform.admob:AdmobFunNames" /> 
        <dep id="AS3" type="n" /> 
        <dep id="Object" type="i" /> 
      </script>
      <script name="so/cuo/platform/admob/AdmobEvent" mod="1397566634000" signatureChecksum="3249530177" >
        <def id="so.cuo.platform.admob:AdmobEvent" /> 
        <dep id="AS3" type="n" /> 
        <dep id="flash.events:Event" type="i" /> 
      </script>
      <script name="so/cuo/platform/admob/AdmobSize" mod="1412828536000" signatureChecksum="3375128021" >
        <def id="so.cuo.platform.admob:AdmobSize" /> 
        <dep id="AS3" type="n" /> 
        <dep id="Object" type="i" /> 
      </script>
      <script name="so/cuo/platform/admob/AdmobPosition" mod="1386810878000" signatureChecksum="3681319345" >
        <def id="so.cuo.platform.admob:AdmobPosition" /> 
        <dep id="AS3" type="n" /> 
        <dep id="Object" type="i" /> 
      </script>
      <script name="so/cuo/platform/admob/Admob" mod="1411131500000" signatureChecksum="907732447" >
        <def id="so.cuo.platform.admob:Admob" /> 
        <dep id="so.cuo.platform.admob:AdmobFunNames" type="e" /> 
        <dep id="trace" type="e" /> 
        <dep id="flash.geom:Rectangle" type="e" /> 
        <dep id="flash.system:Capabilities" type="e" /> 
        <dep id="flash.events:StatusEvent" type="e" /> 
        <dep id="so.cuo.platform.admob:AdmobEvent" type="e" /> 
        <dep id="flash.external:ExtensionContext" type="e" /> 
        <dep id="so.cuo.platform.admob:AdmobError" type="e" /> 
        <dep id="so.cuo.platform.admob:AdmobSize" type="e" /> 
        <dep id="so.cuo.platform.admob:ExtraParameter" type="s" /> 
        <dep id="flash.geom:Rectangle" type="s" /> 
        <dep id="flash.events:StatusEvent" type="s" /> 
        <dep id="flash.external:ExtensionContext" type="s" /> 
        <dep id="so.cuo.platform.admob:AdmobSize" type="s" /> 
        <dep id="AS3" type="n" /> 
        <dep id="flash.events:EventDispatcher" type="i" /> 
      </script>
      <script name="so/cuo/platform/admob/ExtraParameter" mod="1411268148000" signatureChecksum="3948525301" >
        <def id="so.cuo.platform.admob:ExtraParameter" /> 
        <dep id="trace" type="e" /> 
        <dep id="Date" type="s" /> 
        <dep id="AS3" type="n" /> 
        <dep id="Object" type="i" /> 
      </script>
      <script name="_ca4c6060e914895db59b1b0281e311c83a7398319e55dc99d748fe0c43aab07a_flash_display_Sprite" mod="1413374010133" signatureChecksum="4108810709" >
        <def id="_ca4c6060e914895db59b1b0281e311c83a7398319e55dc99d748fe0c43aab07a_flash_display_Sprite" /> 
        <dep id="flash.system:Security" type="e" /> 
        <dep id="AS3" type="n" /> 
        <dep id="flash.display:Sprite" type="i" /> 
      </script>
      <script name="so/cuo/platform/admob/AdmobError" mod="1404470992000" signatureChecksum="866934396" >
        <def id="so.cuo.platform.admob:AdmobError" /> 
        <dep id="AS3" type="n" /> 
        <dep id="Object" type="i" /> 
      </script>
      <digests>
        <digest type="SHA-256" signed="false" value="37814629d91d521333c1980d09b5a10212d57c31974cb373abadd08319c3b1df"   />
      </digests>
    </library>
  </libraries>
  <files>
    <file path="docs/packages.dita" mod="1413251484000" />
    <file path="docs/so.cuo.platform.admob.xml" mod="1413251484000" />
  </files>
</swc>
